"Guid","Name"
3034f11a-2021-453f-8532-c894904b94b4,Test2_asnaf
39451350-55bb-445c-80d8-c6dfa1c5f6b0,test4_asnaf
3cec1798-82b4-4588-a37f-af41c41da9bf,Test3_asnaf
51ac9725-dcae-4f64-89eb-9ff16209f476,Test3_asnaf
84cd1a2a-a7c4-4410-bbff-ae54a347217f,test6_asnaf
b357d047-13f5-43ea-9908-5691c8e8a113,test6_asnaf
ba9ce635-0f1b-427e-87d2-f58644b1f9e4,test4_asnaf
d6c67cbe-7b1f-4ec7-9a9f-ba65c22daaf3,Test2_asnaf
daaa2ec4-0950-4530-96c7-966f8770e76a,Test1_1234567889
fe2cc53f-b7ed-4038-a76b-c2d74c019677,Test1_1234567889_12345
